category,defect,runs,anomalous_images,image_auroc_mean,image_auroc_std
bottle,broken_large,3,20,1.0,0.0
bottle,broken_small,3,22,1.0,0.0
bottle,contamination,3,21,0.9984126984126984,0.002749286996141065
cable,bent_wire,3,13,0.9619805481874447,0.011279708949755112
cable,cable_swap,3,12,0.8706896551724137,0.04252485226134696
cable,combined,3,11,0.9587251828631139,0.017265111433498678
cable,cut_inner_insulation,3,14,0.7779146141215106,0.015835222924454773
cable,cut_outer_insulation,3,10,0.9919540229885058,0.000995431498602805
cable,missing_cable,3,12,0.8443486590038314,0.037032564027247715
cable,missing_wire,3,10,0.5270114942528735,0.03856574498806345
cable,poke_insulation,3,10,0.9218390804597701,0.04487177309412213
capsule,crack,3,23,0.9628229363579079,0.023331453789002678
capsule,faulty_imprint,3,22,0.7536231884057971,0.05282018784031911
capsule,poke,3,21,0.873015873015873,0.0579833369531952
capsule,scratch,3,23,0.8563327032136105,0.06266761608412393
capsule,squeeze,3,20,0.9927536231884058,0.012551092808470117
carpet,color,3,19,0.9974937343358397,0.0028712880294209492
carpet,cut,3,17,1.0,0.0
carpet,hole,3,17,1.0,0.0
carpet,metal_contamination,3,17,0.9866946778711485,0.021252088102932085
carpet,thread,3,19,0.9667919799498746,0.03202851608805028
grid,bent,3,12,0.9986772486772486,0.002291072496784285
grid,broken,3,12,1.0,0.0
grid,glue,3,11,0.9292929292929293,0.027492869961410683
grid,metal_contamination,3,11,0.9985569985569985,0.002499351814673748
grid,thread,3,11,0.9985569985569985,0.002499351814673748
hazelnut,crack,3,18,0.5342592592592592,0.07986211754599326
hazelnut,cut,3,17,0.6254901960784314,0.029607193863806926
hazelnut,hole,3,18,0.5810185185185185,0.03360230983634089
hazelnut,print,3,17,0.6333333333333333,0.1463389242073947
leather,color,3,19,1.0,0.0
leather,cut,3,19,1.0,0.0
leather,fold,3,17,1.0,0.0
leather,glue,3,19,1.0,0.0
leather,poke,3,18,1.0,0.0
metal_nut,bent,3,25,0.8072727272727273,0.0668290034526876
metal_nut,color,3,22,0.8650137741046832,0.04824870492599718
metal_nut,flip,3,23,0.9914361001317523,0.014833109682737398
metal_nut,scratch,3,23,0.8537549407114625,0.06406942718358624
pill,color,3,25,0.8728205128205129,0.02283635290073058
pill,combined,3,17,0.9871794871794872,0.01363736147814867
pill,contamination,3,21,0.9236874236874236,0.03481459689715079
pill,crack,3,26,0.908284023668639,0.012896150720534514
pill,faulty_imprint,3,19,0.9514170040485831,0.016194331983805654
pill,pill_type,3,9,1.0,0.0
pill,scratch,3,24,0.8488247863247863,0.03166162716396889
screw,manipulated_front,3,24,0.7259485094850948,0.04609536231212478
screw,scratch_head,3,24,0.6883468834688347,0.023469523137789664
screw,scratch_neck,3,25,0.7538211382113821,0.030763952627726257
screw,thread_side,3,23,0.6419229409685402,0.04797074868391719
screw,thread_top,3,23,0.6793920113114175,0.047238448062157205
tile,crack,3,17,0.9994058229352347,0.0010291448648656045
tile,glue_strip,3,18,0.9971941638608306,0.0025715912990773152
tile,gray_stroke,3,16,0.9425505050505051,0.027467563027534208
tile,oil,3,18,1.0,0.0
tile,rough,3,15,0.9872053872053872,0.003085909558892829
toothbrush,defective,3,30,0.8787037037037037,0.0016037507477489547
transistor,bent_lead,3,10,0.9977777777777778,0.00384900179459753
transistor,cut_lead,3,10,0.8166666666666667,0.10774197572595984
transistor,damaged_case,3,10,0.9088888888888889,0.030383353141945124
transistor,misplaced,3,10,1.0,0.0
wood,color,3,8,0.9912280701754387,0.01004950810297328
wood,combined,3,11,1.0,0.0
wood,hole,3,10,0.9912280701754387,0.003038685627313829
wood,liquid,3,10,0.9912280701754387,0.003038685627313861
wood,scratch,3,21,0.9615705931495405,0.0014469931558636917
zipper,broken_teeth,3,19,0.9276315789473685,0.05657034053263108
zipper,combined,3,16,0.9661458333333334,0.022888536238602795
zipper,fabric_border,3,17,1.0,0.0
zipper,fabric_interior,3,16,0.892578125,0.02627660946694084
zipper,rough,3,17,0.9442401960784313,0.04981357619289866
zipper,split_teeth,3,18,0.9496527777777778,0.033259104271993065
zipper,squeezed_teeth,3,16,0.9205729166666666,0.04455237528886881
