category,runs,image_auroc_mean,image_auroc_std,pixel_auroc_mean,pixel_auroc_std,pixel_average_precision_mean,pixel_average_precision_std,training_hours_total
bottle,3,0.9994708994708995,0.0009164289987136884,0.9806255409382262,0.0017617412992148446,0.6764157646460474,0.017627469841441885,0.8098684280833469
cable,3,0.8579460269865068,0.005631551424781365,0.9405243678301488,0.00929951372656119,0.30998476152431453,0.039912439968364646,0.9127292419999786
capsule,3,0.8863183087355405,0.03686379369944007,0.9743349610709615,0.0018820912627695952,0.269682302060004,0.011280576484716696,0.7888980479444339
carpet,3,0.9898341359015516,0.010664900623476583,0.9887595084622881,0.0007522113514094068,0.630454166732768,0.014740297833813464,1.0252909560555417
grid,3,0.9855193539404066,0.0038586484156365643,0.9796297194609618,0.002431291521601224,0.3722407406510671,0.032409969261889694,0.9985822577777759
hazelnut,3,0.5925,0.05413395139722903,0.9316336677209907,0.01293667513429702,0.23817180201416366,0.01145007357578728,1.485173826805565
leather,3,1.0,0.0,0.9937408064002711,0.00044376477163547863,0.45328894451411056,0.04686531404632425,1.000122819749991
metal_nut,3,0.8779732811990877,0.04813796199757165,0.8904959588991906,0.06742382157020865,0.5523113777758957,0.09229860806576999,0.8299485061111045
pill,3,0.9153482451354792,0.017087970437952058,0.9475261161410343,0.003302911839698184,0.3828377729881277,0.032424844979553044,4.811592408638891
screw,3,0.698982031837125,0.032801503797032526,0.9418801189004207,0.004345010823077008,0.05556142023647218,0.011615764964961632,1.3025889146666547
tile,3,0.9860509860509861,0.004708218362301989,0.9287557065320985,0.0032210486378270423,0.44194917489051416,0.01914818283610359,0.909180893666651
toothbrush,3,0.8787037037037037,0.0016037507477489547,0.9692873550848784,0.00193541978881503,0.24341035688642304,0.013046209815348814,0.13637231283332868
transistor,3,0.9308333333333333,0.03183071542464044,0.9642793423392295,0.009240841548564752,0.5886547066239907,0.0668257886664049,8.015132252166643
wood,3,0.9824561403508772,0.0008771929824561431,0.9063566650620997,0.010925577680690322,0.3924639381228236,0.023319277784081077,3.3575727609999984
zipper,3,0.9431897759103641,0.03309900173866054,0.9734039057560032,0.006740960181594207,0.3465619866146001,0.04536330112424869,0.8970403423888719
